[
  { "IdCD": "CD-BA",  "Nombre": "Hub Central - Buenos Aires (CD-BA)" },
  { "IdCD": "CD-CABA","Nombre": "Centro Logístico Capital - CABA (CD-CABA)" },
  { "IdCD": "CD-CA",  "Nombre": "Planta Logística Catamarca (CD-CA)" },
  { "IdCD": "CD-CH",  "Nombre": "Centro Regional Chaco (CD-CH)" },
  { "IdCD": "CD-CHU", "Nombre": "Depósito Chubut (CD-CHU)" },
  { "IdCD": "CD-CO",  "Nombre": "Hub Córdoba - Polo Logístico (CD-CO)" },
  { "IdCD": "CD-CR",  "Nombre": "Centro Regional Corrientes (CD-CR)" },
  { "IdCD": "CD-ER",  "Nombre": "Centro Logístico Entre Ríos (CD-ER)" },
  { "IdCD": "CD-FO",  "Nombre": "Depósito Formosa (CD-FO)" },
  { "IdCD": "CD-JU",  "Nombre": "Hub Jujuy - Logística (CD-JU)" },
  { "IdCD": "CD-LP",  "Nombre": "Centro Distribución La Pampa (CD-LP)" },
  { "IdCD": "CD-LR",  "Nombre": "Hub La Rioja - Logística (CD-LR)" },
  { "IdCD": "CD-ME",  "Nombre": "Planta Logística Mendoza (CD-ME)" },
  { "IdCD": "CD-MI",  "Nombre": "Centro Regional Misiones (CD-MI)" },
  { "IdCD": "CD-NE",  "Nombre": "Centro Logístico Neuquén (CD-NE)" },
  { "IdCD": "CD-RN",  "Nombre": "Depósito Río Negro (CD-RN)" },
  { "IdCD": "CD-SA",  "Nombre": "Hub Salta - Logística (CD-SA)" },
  { "IdCD": "CD-SJ",  "Nombre": "Centro Logístico San Juan (CD-SJ)" },
  { "IdCD": "CD-SL",  "Nombre": "Centro Regional San Luis (CD-SL)" },
  { "IdCD": "CD-SCZ", "Nombre": "Planta Santa Cruz (CD-SCZ)" },
  { "IdCD": "CD-SF",  "Nombre": "Hub Santa Fe - Logística (CD-SF)" },
  { "IdCD": "CD-SE",  "Nombre": "Centro Logístico Santiago del Estero (CD-SE)" },
  { "IdCD": "CD-TF",  "Nombre": "Centro Logístico Tierra del Fuego (CD-TF)" },
  { "IdCD": "CD-TU",  "Nombre": "Hub Tucumán - Logística (CD-TU)" }
]